<?xml version='1.0' standalone='yes'?>
<componentData>
  <component>
    <componentBaseName>bin_utils</componentBaseName>
    <componentFileName>bin_utils_maci64_1438291957.enc</componentFileName>
    <componentName>bin_utils_maci64</componentName>
    <componentVersion>1438291957</componentVersion>
    <locale></locale>
    <numFiles>1</numFiles>
    <platformList>
      <platform>maci64</platform>
    </platformList>
    <releaseFamily>R2015b</releaseFamily>
    <size>2337</size>
    <type></type>
    <uncompressedBytes>7544</uncompressedBytes>
  </component>
</componentData>
