<?xml version='1.0' standalone='yes'?>
<componentData>
  <component>
    <componentBaseName>3p/flexnet</componentBaseName>
    <componentFileName>3p/flexnet_common_1438291910.enc</componentFileName>
    <componentName>3p/flexnet_common</componentName>
    <componentVersion>1438291910</componentVersion>
    <locale></locale>
    <numFiles>1</numFiles>
    <platformList>
      <platform>glnxa64</platform>
      <platform>maci64</platform>
      <platform>win32</platform>
      <platform>win64</platform>
    </platformList>
    <releaseFamily>R2015b</releaseFamily>
    <size>2548766</size>
    <type></type>
    <uncompressedBytes>3162390</uncompressedBytes>
  </component>
</componentData>
